size,time
2048,0.0002539
4096,0.00010089999999999999
8192,0.0001001
16384,0.00020639999999999998
32768,0.0009391
65536,0.0011978000000000002
131072,0.0020607000000000004
