size,time
2048,0.003707
4096,0.015317
8192,0.060601800000000004
16384,0.2532301
32768,1.0023884
65536,3.949391
131072,16.9527
