size,time
2048,0.0010046
4096,0.0019966000000000003
8192,0.0034235000000000003
16384,0.0073883
32768,0.0149784
65536,0.028885299999999996
131072,0.0589866
