size,time
2048,0.0001
4096,0.000401
8192,0.0009218000000000001
16384,0.0020125
32768,0.004255299999999999
65536,0.008646400000000002
131072,0.0180003
